<simplejavacalculator.Calculator$BiOperatorModes: simplejavacalculator.Calculator$BiOperatorModes[] values()>/java.lang.Object.clone/0	1	<java.lang.Object: java.lang.Object clone()>	<simplejavacalculator.Calculator$BiOperatorModes: simplejavacalculator.Calculator$BiOperatorModes[] values()>/$stack0	<simplejavacalculator.Calculator$BiOperatorModes: simplejavacalculator.Calculator$BiOperatorModes[] values()>
<simplejavacalculator.BufferedImageCustom: java.awt.Image imageReturn()>/java.lang.Object.getClass/0	1	<java.lang.Object: java.lang.Class getClass()>	<simplejavacalculator.BufferedImageCustom: java.awt.Image imageReturn()>/this#_0	<simplejavacalculator.BufferedImageCustom: java.awt.Image imageReturn()>
<simplejavacalculator.BufferedImageCustom: java.awt.Image imageReturn()>/java.lang.Class.getResourceAsStream/0	2	<java.lang.Class: java.io.InputStream getResourceAsStream(java.lang.String)>	<simplejavacalculator.BufferedImageCustom: java.awt.Image imageReturn()>/$stack4	<simplejavacalculator.BufferedImageCustom: java.awt.Image imageReturn()>
<simplejavacalculator.SimpleJavaCalculator: void main(java.lang.String[])>/simplejavacalculator.UI.init/0	3	<simplejavacalculator.UI: void init()>	<simplejavacalculator.SimpleJavaCalculator: void main(java.lang.String[])>/$stack2	<simplejavacalculator.SimpleJavaCalculator: void main(java.lang.String[])>
<simplejavacalculator.SimpleJavaCalculator: void main(java.lang.String[])>/java.lang.Exception.getMessage/0	8	<java.lang.Throwable: java.lang.String getMessage()>	<simplejavacalculator.SimpleJavaCalculator: void main(java.lang.String[])>/$stack3	<simplejavacalculator.SimpleJavaCalculator: void main(java.lang.String[])>
<simplejavacalculator.SimpleJavaCalculator: void main(java.lang.String[])>/java.io.PrintStream.println/0	9	<java.io.PrintStream: void println(java.lang.String)>	<simplejavacalculator.SimpleJavaCalculator: void main(java.lang.String[])>/$stack4	<simplejavacalculator.SimpleJavaCalculator: void main(java.lang.String[])>
<simplejavacalculator.Calculator$MonoOperatorModes: simplejavacalculator.Calculator$MonoOperatorModes[] values()>/java.lang.Object.clone/0	1	<java.lang.Object: java.lang.Object clone()>	<simplejavacalculator.Calculator$MonoOperatorModes: simplejavacalculator.Calculator$MonoOperatorModes[] values()>/$stack0	<simplejavacalculator.Calculator$MonoOperatorModes: simplejavacalculator.Calculator$MonoOperatorModes[] values()>
<simplejavacalculator.UI: void <init>()>/simplejavacalculator.BufferedImageCustom.imageReturn/0	33	<simplejavacalculator.BufferedImageCustom: java.awt.Image imageReturn()>	<simplejavacalculator.UI: void <init>()>/$stack6	<simplejavacalculator.UI: void <init>()>
<simplejavacalculator.UI: void <init>()>/javax.swing.JPanel.setLayout/0	44	<java.awt.Container: void setLayout(java.awt.LayoutManager)>	<simplejavacalculator.UI: void <init>()>/$stack11	<simplejavacalculator.UI: void <init>()>
<simplejavacalculator.UI: void init()>/javax.swing.JFrame.setSize/0	2	<java.awt.Window: void setSize(int,int)>	<simplejavacalculator.UI: void init()>/$stack2	<simplejavacalculator.UI: void init()>
<simplejavacalculator.UI: void init()>/javax.swing.JFrame.setVisible/0	6	<java.awt.Window: void setVisible(boolean)>	<simplejavacalculator.UI: void init()>/$stack3	<simplejavacalculator.UI: void init()>
<simplejavacalculator.UI: void init()>/javax.swing.JFrame.setLocationRelativeTo/0	9	<java.awt.Window: void setLocationRelativeTo(java.awt.Component)>	<simplejavacalculator.UI: void init()>/$stack4	<simplejavacalculator.UI: void init()>
<simplejavacalculator.UI: void init()>/javax.swing.JFrame.setResizable/0	12	<java.awt.Frame: void setResizable(boolean)>	<simplejavacalculator.UI: void init()>/$stack5	<simplejavacalculator.UI: void init()>
<simplejavacalculator.UI: void init()>/javax.swing.JFrame.setDefaultCloseOperation/0	15	<javax.swing.JFrame: void setDefaultCloseOperation(int)>	<simplejavacalculator.UI: void init()>/$stack6	<simplejavacalculator.UI: void init()>
<simplejavacalculator.UI: void init()>/javax.swing.ImageIcon.getImage/0	19	<javax.swing.ImageIcon: java.awt.Image getImage()>	<simplejavacalculator.UI: void init()>/$stack7	<simplejavacalculator.UI: void init()>
<simplejavacalculator.UI: void init()>/javax.swing.JFrame.setIconImage/0	20	<javax.swing.JFrame: void setIconImage(java.awt.Image)>	<simplejavacalculator.UI: void init()>/$stack8	<simplejavacalculator.UI: void init()>
<simplejavacalculator.UI: void init()>/javax.swing.JTextArea.setFont/0	23	<javax.swing.JTextArea: void setFont(java.awt.Font)>	<simplejavacalculator.UI: void init()>/$stack11	<simplejavacalculator.UI: void init()>
<simplejavacalculator.UI: void init()>/javax.swing.JTextArea.setEditable/0	25	<javax.swing.text.JTextComponent: void setEditable(boolean)>	<simplejavacalculator.UI: void init()>/$stack12	<simplejavacalculator.UI: void init()>
<simplejavacalculator.UI: void init()>/javax.swing.JButton.setFont/0	34	<javax.swing.JComponent: void setFont(java.awt.Font)>	<simplejavacalculator.UI: void init()>/$stack208	<simplejavacalculator.UI: void init()>
<simplejavacalculator.UI: void init()>/javax.swing.JButton.setFont/1	39	<javax.swing.JComponent: void setFont(java.awt.Font)>	<simplejavacalculator.UI: void init()>/$stack14	<simplejavacalculator.UI: void init()>
<simplejavacalculator.UI: void init()>/javax.swing.JButton.setFont/2	42	<javax.swing.JComponent: void setFont(java.awt.Font)>	<simplejavacalculator.UI: void init()>/$stack16	<simplejavacalculator.UI: void init()>
<simplejavacalculator.UI: void init()>/javax.swing.JButton.setFont/3	45	<javax.swing.JComponent: void setFont(java.awt.Font)>	<simplejavacalculator.UI: void init()>/$stack18	<simplejavacalculator.UI: void init()>
<simplejavacalculator.UI: void init()>/javax.swing.JButton.setFont/4	48	<javax.swing.JComponent: void setFont(java.awt.Font)>	<simplejavacalculator.UI: void init()>/$stack20	<simplejavacalculator.UI: void init()>
<simplejavacalculator.UI: void init()>/javax.swing.JButton.setFont/5	51	<javax.swing.JComponent: void setFont(java.awt.Font)>	<simplejavacalculator.UI: void init()>/$stack22	<simplejavacalculator.UI: void init()>
<simplejavacalculator.UI: void init()>/javax.swing.JButton.setFont/6	54	<javax.swing.JComponent: void setFont(java.awt.Font)>	<simplejavacalculator.UI: void init()>/$stack24	<simplejavacalculator.UI: void init()>
<simplejavacalculator.UI: void init()>/javax.swing.JButton.setFont/7	57	<javax.swing.JComponent: void setFont(java.awt.Font)>	<simplejavacalculator.UI: void init()>/$stack26	<simplejavacalculator.UI: void init()>
<simplejavacalculator.UI: void init()>/javax.swing.JButton.setFont/8	60	<javax.swing.JComponent: void setFont(java.awt.Font)>	<simplejavacalculator.UI: void init()>/$stack28	<simplejavacalculator.UI: void init()>
<simplejavacalculator.UI: void init()>/javax.swing.JButton.setFont/9	63	<javax.swing.JComponent: void setFont(java.awt.Font)>	<simplejavacalculator.UI: void init()>/$stack30	<simplejavacalculator.UI: void init()>
<simplejavacalculator.UI: void init()>/javax.swing.JButton.setFont/10	66	<javax.swing.JComponent: void setFont(java.awt.Font)>	<simplejavacalculator.UI: void init()>/$stack32	<simplejavacalculator.UI: void init()>
<simplejavacalculator.UI: void init()>/javax.swing.JButton.setFont/11	69	<javax.swing.JComponent: void setFont(java.awt.Font)>	<simplejavacalculator.UI: void init()>/$stack34	<simplejavacalculator.UI: void init()>
<simplejavacalculator.UI: void init()>/javax.swing.JButton.setFont/12	72	<javax.swing.JComponent: void setFont(java.awt.Font)>	<simplejavacalculator.UI: void init()>/$stack36	<simplejavacalculator.UI: void init()>
<simplejavacalculator.UI: void init()>/javax.swing.JButton.setFont/13	75	<javax.swing.JComponent: void setFont(java.awt.Font)>	<simplejavacalculator.UI: void init()>/$stack38	<simplejavacalculator.UI: void init()>
<simplejavacalculator.UI: void init()>/javax.swing.JButton.setFont/14	78	<javax.swing.JComponent: void setFont(java.awt.Font)>	<simplejavacalculator.UI: void init()>/$stack40	<simplejavacalculator.UI: void init()>
<simplejavacalculator.UI: void init()>/javax.swing.JButton.setFont/15	81	<javax.swing.JComponent: void setFont(java.awt.Font)>	<simplejavacalculator.UI: void init()>/$stack42	<simplejavacalculator.UI: void init()>
<simplejavacalculator.UI: void init()>/javax.swing.JButton.setFont/16	84	<javax.swing.JComponent: void setFont(java.awt.Font)>	<simplejavacalculator.UI: void init()>/$stack44	<simplejavacalculator.UI: void init()>
<simplejavacalculator.UI: void init()>/javax.swing.JButton.setFont/17	87	<javax.swing.JComponent: void setFont(java.awt.Font)>	<simplejavacalculator.UI: void init()>/$stack46	<simplejavacalculator.UI: void init()>
<simplejavacalculator.UI: void init()>/javax.swing.JPanel.add/0	91	<java.awt.Container: java.awt.Component add(java.awt.Component)>	<simplejavacalculator.UI: void init()>/$stack47	<simplejavacalculator.UI: void init()>
<simplejavacalculator.UI: void init()>/javax.swing.JPanel.add/1	94	<java.awt.Container: java.awt.Component add(java.awt.Component)>	<simplejavacalculator.UI: void init()>/$stack51	<simplejavacalculator.UI: void init()>
<simplejavacalculator.UI: void init()>/javax.swing.JPanel.add/2	97	<java.awt.Container: java.awt.Component add(java.awt.Component)>	<simplejavacalculator.UI: void init()>/$stack54	<simplejavacalculator.UI: void init()>
<simplejavacalculator.UI: void init()>/javax.swing.JPanel.add/3	101	<java.awt.Container: java.awt.Component add(java.awt.Component)>	<simplejavacalculator.UI: void init()>/$stack58	<simplejavacalculator.UI: void init()>
<simplejavacalculator.UI: void init()>/javax.swing.JPanel.add/4	105	<java.awt.Container: java.awt.Component add(java.awt.Component)>	<simplejavacalculator.UI: void init()>/$stack62	<simplejavacalculator.UI: void init()>
<simplejavacalculator.UI: void init()>/javax.swing.JPanel.add/5	109	<java.awt.Container: java.awt.Component add(java.awt.Component)>	<simplejavacalculator.UI: void init()>/$stack66	<simplejavacalculator.UI: void init()>
<simplejavacalculator.UI: void init()>/javax.swing.JPanel.add/6	113	<java.awt.Container: java.awt.Component add(java.awt.Component)>	<simplejavacalculator.UI: void init()>/$stack68	<simplejavacalculator.UI: void init()>
<simplejavacalculator.UI: void init()>/javax.swing.JPanel.add/7	116	<java.awt.Container: java.awt.Component add(java.awt.Component)>	<simplejavacalculator.UI: void init()>/$stack72	<simplejavacalculator.UI: void init()>
<simplejavacalculator.UI: void init()>/javax.swing.JPanel.add/8	119	<java.awt.Container: java.awt.Component add(java.awt.Component)>	<simplejavacalculator.UI: void init()>/$stack75	<simplejavacalculator.UI: void init()>
<simplejavacalculator.UI: void init()>/javax.swing.JPanel.add/9	122	<java.awt.Container: java.awt.Component add(java.awt.Component)>	<simplejavacalculator.UI: void init()>/$stack78	<simplejavacalculator.UI: void init()>
<simplejavacalculator.UI: void init()>/javax.swing.JPanel.add/10	126	<java.awt.Container: java.awt.Component add(java.awt.Component)>	<simplejavacalculator.UI: void init()>/$stack82	<simplejavacalculator.UI: void init()>
<simplejavacalculator.UI: void init()>/javax.swing.JPanel.add/11	130	<java.awt.Container: java.awt.Component add(java.awt.Component)>	<simplejavacalculator.UI: void init()>/$stack86	<simplejavacalculator.UI: void init()>
<simplejavacalculator.UI: void init()>/javax.swing.JPanel.add/12	134	<java.awt.Container: java.awt.Component add(java.awt.Component)>	<simplejavacalculator.UI: void init()>/$stack90	<simplejavacalculator.UI: void init()>
<simplejavacalculator.UI: void init()>/javax.swing.JPanel.add/13	138	<java.awt.Container: java.awt.Component add(java.awt.Component)>	<simplejavacalculator.UI: void init()>/$stack92	<simplejavacalculator.UI: void init()>
<simplejavacalculator.UI: void init()>/javax.swing.JPanel.add/14	141	<java.awt.Container: java.awt.Component add(java.awt.Component)>	<simplejavacalculator.UI: void init()>/$stack96	<simplejavacalculator.UI: void init()>
<simplejavacalculator.UI: void init()>/javax.swing.JPanel.add/15	144	<java.awt.Container: java.awt.Component add(java.awt.Component)>	<simplejavacalculator.UI: void init()>/$stack99	<simplejavacalculator.UI: void init()>
<simplejavacalculator.UI: void init()>/javax.swing.JPanel.add/16	147	<java.awt.Container: java.awt.Component add(java.awt.Component)>	<simplejavacalculator.UI: void init()>/$stack102	<simplejavacalculator.UI: void init()>
<simplejavacalculator.UI: void init()>/javax.swing.JPanel.add/17	151	<java.awt.Container: java.awt.Component add(java.awt.Component)>	<simplejavacalculator.UI: void init()>/$stack106	<simplejavacalculator.UI: void init()>
<simplejavacalculator.UI: void init()>/javax.swing.JPanel.add/18	155	<java.awt.Container: java.awt.Component add(java.awt.Component)>	<simplejavacalculator.UI: void init()>/$stack110	<simplejavacalculator.UI: void init()>
<simplejavacalculator.UI: void init()>/javax.swing.JPanel.add/19	159	<java.awt.Container: java.awt.Component add(java.awt.Component)>	<simplejavacalculator.UI: void init()>/$stack114	<simplejavacalculator.UI: void init()>
<simplejavacalculator.UI: void init()>/javax.swing.JPanel.add/20	163	<java.awt.Container: java.awt.Component add(java.awt.Component)>	<simplejavacalculator.UI: void init()>/$stack116	<simplejavacalculator.UI: void init()>
<simplejavacalculator.UI: void init()>/javax.swing.JPanel.add/21	166	<java.awt.Container: java.awt.Component add(java.awt.Component)>	<simplejavacalculator.UI: void init()>/$stack120	<simplejavacalculator.UI: void init()>
<simplejavacalculator.UI: void init()>/javax.swing.JPanel.add/22	169	<java.awt.Container: java.awt.Component add(java.awt.Component)>	<simplejavacalculator.UI: void init()>/$stack123	<simplejavacalculator.UI: void init()>
<simplejavacalculator.UI: void init()>/javax.swing.JPanel.add/23	172	<java.awt.Container: java.awt.Component add(java.awt.Component)>	<simplejavacalculator.UI: void init()>/$stack126	<simplejavacalculator.UI: void init()>
<simplejavacalculator.UI: void init()>/javax.swing.JPanel.add/24	176	<java.awt.Container: java.awt.Component add(java.awt.Component)>	<simplejavacalculator.UI: void init()>/$stack130	<simplejavacalculator.UI: void init()>
<simplejavacalculator.UI: void init()>/javax.swing.JPanel.add/25	180	<java.awt.Container: java.awt.Component add(java.awt.Component)>	<simplejavacalculator.UI: void init()>/$stack132	<simplejavacalculator.UI: void init()>
<simplejavacalculator.UI: void init()>/javax.swing.JPanel.add/26	183	<java.awt.Container: java.awt.Component add(java.awt.Component)>	<simplejavacalculator.UI: void init()>/$stack136	<simplejavacalculator.UI: void init()>
<simplejavacalculator.UI: void init()>/javax.swing.JPanel.add/27	186	<java.awt.Container: java.awt.Component add(java.awt.Component)>	<simplejavacalculator.UI: void init()>/$stack139	<simplejavacalculator.UI: void init()>
<simplejavacalculator.UI: void init()>/javax.swing.JPanel.add/28	189	<java.awt.Container: java.awt.Component add(java.awt.Component)>	<simplejavacalculator.UI: void init()>/$stack142	<simplejavacalculator.UI: void init()>
<simplejavacalculator.UI: void init()>/javax.swing.JPanel.add/29	192	<java.awt.Container: java.awt.Component add(java.awt.Component)>	<simplejavacalculator.UI: void init()>/$stack145	<simplejavacalculator.UI: void init()>
<simplejavacalculator.UI: void init()>/javax.swing.JPanel.add/30	195	<java.awt.Container: java.awt.Component add(java.awt.Component)>	<simplejavacalculator.UI: void init()>/$stack148	<simplejavacalculator.UI: void init()>
<simplejavacalculator.UI: void init()>/javax.swing.JPanel.add/31	198	<java.awt.Container: java.awt.Component add(java.awt.Component)>	<simplejavacalculator.UI: void init()>/$stack151	<simplejavacalculator.UI: void init()>
<simplejavacalculator.UI: void init()>/javax.swing.JPanel.add/32	201	<java.awt.Container: java.awt.Component add(java.awt.Component)>	<simplejavacalculator.UI: void init()>/$stack154	<simplejavacalculator.UI: void init()>
<simplejavacalculator.UI: void init()>/javax.swing.JPanel.add/33	204	<java.awt.Container: java.awt.Component add(java.awt.Component)>	<simplejavacalculator.UI: void init()>/$stack157	<simplejavacalculator.UI: void init()>
<simplejavacalculator.UI: void init()>/javax.swing.JPanel.add/34	207	<java.awt.Container: java.awt.Component add(java.awt.Component)>	<simplejavacalculator.UI: void init()>/$stack160	<simplejavacalculator.UI: void init()>
<simplejavacalculator.UI: void init()>/javax.swing.JPanel.add/35	210	<java.awt.Container: java.awt.Component add(java.awt.Component)>	<simplejavacalculator.UI: void init()>/$stack163	<simplejavacalculator.UI: void init()>
<simplejavacalculator.UI: void init()>/javax.swing.JPanel.add/36	213	<java.awt.Container: java.awt.Component add(java.awt.Component)>	<simplejavacalculator.UI: void init()>/$stack166	<simplejavacalculator.UI: void init()>
<simplejavacalculator.UI: void init()>/javax.swing.JPanel.add/37	216	<java.awt.Container: java.awt.Component add(java.awt.Component)>	<simplejavacalculator.UI: void init()>/$stack169	<simplejavacalculator.UI: void init()>
<simplejavacalculator.UI: void init()>/javax.swing.JPanel.add/38	219	<java.awt.Container: java.awt.Component add(java.awt.Component)>	<simplejavacalculator.UI: void init()>/$stack172	<simplejavacalculator.UI: void init()>
<simplejavacalculator.UI: void init()>/javax.swing.JPanel.add/39	222	<java.awt.Container: java.awt.Component add(java.awt.Component)>	<simplejavacalculator.UI: void init()>/$stack175	<simplejavacalculator.UI: void init()>
<simplejavacalculator.UI: void init()>/javax.swing.JPanel.add/40	225	<java.awt.Container: java.awt.Component add(java.awt.Component)>	<simplejavacalculator.UI: void init()>/$stack178	<simplejavacalculator.UI: void init()>
<simplejavacalculator.UI: void init()>/javax.swing.JButton.addActionListener/0	228	<javax.swing.AbstractButton: void addActionListener(java.awt.event.ActionListener)>	<simplejavacalculator.UI: void init()>/$stack181	<simplejavacalculator.UI: void init()>
<simplejavacalculator.UI: void init()>/javax.swing.JButton.addActionListener/1	235	<javax.swing.AbstractButton: void addActionListener(java.awt.event.ActionListener)>	<simplejavacalculator.UI: void init()>/$stack203	<simplejavacalculator.UI: void init()>
<simplejavacalculator.UI: void init()>/javax.swing.JButton.addActionListener/2	239	<javax.swing.AbstractButton: void addActionListener(java.awt.event.ActionListener)>	<simplejavacalculator.UI: void init()>/$stack182	<simplejavacalculator.UI: void init()>
<simplejavacalculator.UI: void init()>/javax.swing.JButton.addActionListener/3	241	<javax.swing.AbstractButton: void addActionListener(java.awt.event.ActionListener)>	<simplejavacalculator.UI: void init()>/$stack183	<simplejavacalculator.UI: void init()>
<simplejavacalculator.UI: void init()>/javax.swing.JButton.addActionListener/4	243	<javax.swing.AbstractButton: void addActionListener(java.awt.event.ActionListener)>	<simplejavacalculator.UI: void init()>/$stack184	<simplejavacalculator.UI: void init()>
<simplejavacalculator.UI: void init()>/javax.swing.JButton.addActionListener/5	245	<javax.swing.AbstractButton: void addActionListener(java.awt.event.ActionListener)>	<simplejavacalculator.UI: void init()>/$stack185	<simplejavacalculator.UI: void init()>
<simplejavacalculator.UI: void init()>/javax.swing.JButton.addActionListener/6	247	<javax.swing.AbstractButton: void addActionListener(java.awt.event.ActionListener)>	<simplejavacalculator.UI: void init()>/$stack186	<simplejavacalculator.UI: void init()>
<simplejavacalculator.UI: void init()>/javax.swing.JButton.addActionListener/7	249	<javax.swing.AbstractButton: void addActionListener(java.awt.event.ActionListener)>	<simplejavacalculator.UI: void init()>/$stack187	<simplejavacalculator.UI: void init()>
<simplejavacalculator.UI: void init()>/javax.swing.JButton.addActionListener/8	251	<javax.swing.AbstractButton: void addActionListener(java.awt.event.ActionListener)>	<simplejavacalculator.UI: void init()>/$stack188	<simplejavacalculator.UI: void init()>
<simplejavacalculator.UI: void init()>/javax.swing.JButton.addActionListener/9	253	<javax.swing.AbstractButton: void addActionListener(java.awt.event.ActionListener)>	<simplejavacalculator.UI: void init()>/$stack189	<simplejavacalculator.UI: void init()>
<simplejavacalculator.UI: void init()>/javax.swing.JButton.addActionListener/10	255	<javax.swing.AbstractButton: void addActionListener(java.awt.event.ActionListener)>	<simplejavacalculator.UI: void init()>/$stack190	<simplejavacalculator.UI: void init()>
<simplejavacalculator.UI: void init()>/javax.swing.JButton.addActionListener/11	257	<javax.swing.AbstractButton: void addActionListener(java.awt.event.ActionListener)>	<simplejavacalculator.UI: void init()>/$stack191	<simplejavacalculator.UI: void init()>
<simplejavacalculator.UI: void init()>/javax.swing.JButton.addActionListener/12	259	<javax.swing.AbstractButton: void addActionListener(java.awt.event.ActionListener)>	<simplejavacalculator.UI: void init()>/$stack192	<simplejavacalculator.UI: void init()>
<simplejavacalculator.UI: void init()>/javax.swing.JButton.addActionListener/13	261	<javax.swing.AbstractButton: void addActionListener(java.awt.event.ActionListener)>	<simplejavacalculator.UI: void init()>/$stack193	<simplejavacalculator.UI: void init()>
<simplejavacalculator.UI: void init()>/javax.swing.JButton.addActionListener/14	263	<javax.swing.AbstractButton: void addActionListener(java.awt.event.ActionListener)>	<simplejavacalculator.UI: void init()>/$stack194	<simplejavacalculator.UI: void init()>
<simplejavacalculator.UI: void init()>/javax.swing.JButton.addActionListener/15	265	<javax.swing.AbstractButton: void addActionListener(java.awt.event.ActionListener)>	<simplejavacalculator.UI: void init()>/$stack195	<simplejavacalculator.UI: void init()>
<simplejavacalculator.UI: void init()>/javax.swing.JButton.addActionListener/16	267	<javax.swing.AbstractButton: void addActionListener(java.awt.event.ActionListener)>	<simplejavacalculator.UI: void init()>/$stack196	<simplejavacalculator.UI: void init()>
<simplejavacalculator.UI: void init()>/javax.swing.JButton.addActionListener/17	269	<javax.swing.AbstractButton: void addActionListener(java.awt.event.ActionListener)>	<simplejavacalculator.UI: void init()>/$stack197	<simplejavacalculator.UI: void init()>
<simplejavacalculator.UI: void init()>/javax.swing.JButton.addActionListener/18	271	<javax.swing.AbstractButton: void addActionListener(java.awt.event.ActionListener)>	<simplejavacalculator.UI: void init()>/$stack198	<simplejavacalculator.UI: void init()>
<simplejavacalculator.UI: void init()>/javax.swing.JFrame.add/0	274	<java.awt.Container: java.awt.Component add(java.awt.Component)>	<simplejavacalculator.UI: void init()>/$stack200	<simplejavacalculator.UI: void init()>
<simplejavacalculator.UI: void actionPerformed(java.awt.event.ActionEvent)>/java.awt.event.ActionEvent.getSource/0	2	<java.util.EventObject: java.lang.Object getSource()>	<simplejavacalculator.UI: void actionPerformed(java.awt.event.ActionEvent)>/e#_0	<simplejavacalculator.UI: void actionPerformed(java.awt.event.ActionEvent)>
<simplejavacalculator.UI: void actionPerformed(java.awt.event.ActionEvent)>/javax.swing.JTextArea.replaceSelection/0	13	<javax.swing.text.JTextComponent: void replaceSelection(java.lang.String)>	<simplejavacalculator.UI: void actionPerformed(java.awt.event.ActionEvent)>/$stack122	<simplejavacalculator.UI: void actionPerformed(java.awt.event.ActionEvent)>
<simplejavacalculator.UI: void actionPerformed(java.awt.event.ActionEvent)>/simplejavacalculator.UI.reader/0	21	<simplejavacalculator.UI: java.lang.Double reader()>	<simplejavacalculator.UI: void actionPerformed(java.awt.event.ActionEvent)>/this#_0	<simplejavacalculator.UI: void actionPerformed(java.awt.event.ActionEvent)>
<simplejavacalculator.UI: void actionPerformed(java.awt.event.ActionEvent)>/simplejavacalculator.Calculator.calculateBi/0	22	<simplejavacalculator.Calculator: java.lang.Double calculateBi(simplejavacalculator.Calculator$BiOperatorModes,java.lang.Double)>	<simplejavacalculator.UI: void actionPerformed(java.awt.event.ActionEvent)>/$stack110	<simplejavacalculator.UI: void actionPerformed(java.awt.event.ActionEvent)>
<simplejavacalculator.UI: void actionPerformed(java.awt.event.ActionEvent)>/simplejavacalculator.UI.writer/0	23	<simplejavacalculator.UI: void writer(java.lang.Double)>	<simplejavacalculator.UI: void actionPerformed(java.awt.event.ActionEvent)>/this#_0	<simplejavacalculator.UI: void actionPerformed(java.awt.event.ActionEvent)>
<simplejavacalculator.UI: void actionPerformed(java.awt.event.ActionEvent)>/simplejavacalculator.UI.reader/1	28	<simplejavacalculator.UI: java.lang.Double reader()>	<simplejavacalculator.UI: void actionPerformed(java.awt.event.ActionEvent)>/this#_0	<simplejavacalculator.UI: void actionPerformed(java.awt.event.ActionEvent)>
<simplejavacalculator.UI: void actionPerformed(java.awt.event.ActionEvent)>/simplejavacalculator.Calculator.calculateBi/1	29	<simplejavacalculator.Calculator: java.lang.Double calculateBi(simplejavacalculator.Calculator$BiOperatorModes,java.lang.Double)>	<simplejavacalculator.UI: void actionPerformed(java.awt.event.ActionEvent)>/$stack104	<simplejavacalculator.UI: void actionPerformed(java.awt.event.ActionEvent)>
<simplejavacalculator.UI: void actionPerformed(java.awt.event.ActionEvent)>/simplejavacalculator.UI.writer/1	30	<simplejavacalculator.UI: void writer(java.lang.Double)>	<simplejavacalculator.UI: void actionPerformed(java.awt.event.ActionEvent)>/this#_0	<simplejavacalculator.UI: void actionPerformed(java.awt.event.ActionEvent)>
<simplejavacalculator.UI: void actionPerformed(java.awt.event.ActionEvent)>/simplejavacalculator.UI.reader/2	35	<simplejavacalculator.UI: java.lang.Double reader()>	<simplejavacalculator.UI: void actionPerformed(java.awt.event.ActionEvent)>/this#_0	<simplejavacalculator.UI: void actionPerformed(java.awt.event.ActionEvent)>
<simplejavacalculator.UI: void actionPerformed(java.awt.event.ActionEvent)>/simplejavacalculator.Calculator.calculateBi/2	36	<simplejavacalculator.Calculator: java.lang.Double calculateBi(simplejavacalculator.Calculator$BiOperatorModes,java.lang.Double)>	<simplejavacalculator.UI: void actionPerformed(java.awt.event.ActionEvent)>/$stack98	<simplejavacalculator.UI: void actionPerformed(java.awt.event.ActionEvent)>
<simplejavacalculator.UI: void actionPerformed(java.awt.event.ActionEvent)>/simplejavacalculator.UI.writer/2	37	<simplejavacalculator.UI: void writer(java.lang.Double)>	<simplejavacalculator.UI: void actionPerformed(java.awt.event.ActionEvent)>/this#_0	<simplejavacalculator.UI: void actionPerformed(java.awt.event.ActionEvent)>
<simplejavacalculator.UI: void actionPerformed(java.awt.event.ActionEvent)>/simplejavacalculator.UI.reader/3	42	<simplejavacalculator.UI: java.lang.Double reader()>	<simplejavacalculator.UI: void actionPerformed(java.awt.event.ActionEvent)>/this#_0	<simplejavacalculator.UI: void actionPerformed(java.awt.event.ActionEvent)>
<simplejavacalculator.UI: void actionPerformed(java.awt.event.ActionEvent)>/simplejavacalculator.Calculator.calculateBi/3	43	<simplejavacalculator.Calculator: java.lang.Double calculateBi(simplejavacalculator.Calculator$BiOperatorModes,java.lang.Double)>	<simplejavacalculator.UI: void actionPerformed(java.awt.event.ActionEvent)>/$stack92	<simplejavacalculator.UI: void actionPerformed(java.awt.event.ActionEvent)>
<simplejavacalculator.UI: void actionPerformed(java.awt.event.ActionEvent)>/simplejavacalculator.UI.writer/3	44	<simplejavacalculator.UI: void writer(java.lang.Double)>	<simplejavacalculator.UI: void actionPerformed(java.awt.event.ActionEvent)>/this#_0	<simplejavacalculator.UI: void actionPerformed(java.awt.event.ActionEvent)>
<simplejavacalculator.UI: void actionPerformed(java.awt.event.ActionEvent)>/simplejavacalculator.UI.reader/4	49	<simplejavacalculator.UI: java.lang.Double reader()>	<simplejavacalculator.UI: void actionPerformed(java.awt.event.ActionEvent)>/this#_0	<simplejavacalculator.UI: void actionPerformed(java.awt.event.ActionEvent)>
<simplejavacalculator.UI: void actionPerformed(java.awt.event.ActionEvent)>/simplejavacalculator.Calculator.calculateBi/4	50	<simplejavacalculator.Calculator: java.lang.Double calculateBi(simplejavacalculator.Calculator$BiOperatorModes,java.lang.Double)>	<simplejavacalculator.UI: void actionPerformed(java.awt.event.ActionEvent)>/$stack86	<simplejavacalculator.UI: void actionPerformed(java.awt.event.ActionEvent)>
<simplejavacalculator.UI: void actionPerformed(java.awt.event.ActionEvent)>/simplejavacalculator.UI.writer/4	51	<simplejavacalculator.UI: void writer(java.lang.Double)>	<simplejavacalculator.UI: void actionPerformed(java.awt.event.ActionEvent)>/this#_0	<simplejavacalculator.UI: void actionPerformed(java.awt.event.ActionEvent)>
<simplejavacalculator.UI: void actionPerformed(java.awt.event.ActionEvent)>/simplejavacalculator.UI.reader/5	56	<simplejavacalculator.UI: java.lang.Double reader()>	<simplejavacalculator.UI: void actionPerformed(java.awt.event.ActionEvent)>/this#_0	<simplejavacalculator.UI: void actionPerformed(java.awt.event.ActionEvent)>
<simplejavacalculator.UI: void actionPerformed(java.awt.event.ActionEvent)>/simplejavacalculator.Calculator.calculateMono/0	57	<simplejavacalculator.Calculator: java.lang.Double calculateMono(simplejavacalculator.Calculator$MonoOperatorModes,java.lang.Double)>	<simplejavacalculator.UI: void actionPerformed(java.awt.event.ActionEvent)>/$stack80	<simplejavacalculator.UI: void actionPerformed(java.awt.event.ActionEvent)>
<simplejavacalculator.UI: void actionPerformed(java.awt.event.ActionEvent)>/simplejavacalculator.UI.writer/5	58	<simplejavacalculator.UI: void writer(java.lang.Double)>	<simplejavacalculator.UI: void actionPerformed(java.awt.event.ActionEvent)>/this#_0	<simplejavacalculator.UI: void actionPerformed(java.awt.event.ActionEvent)>
<simplejavacalculator.UI: void actionPerformed(java.awt.event.ActionEvent)>/simplejavacalculator.UI.reader/6	63	<simplejavacalculator.UI: java.lang.Double reader()>	<simplejavacalculator.UI: void actionPerformed(java.awt.event.ActionEvent)>/this#_0	<simplejavacalculator.UI: void actionPerformed(java.awt.event.ActionEvent)>
<simplejavacalculator.UI: void actionPerformed(java.awt.event.ActionEvent)>/simplejavacalculator.Calculator.calculateMono/1	64	<simplejavacalculator.Calculator: java.lang.Double calculateMono(simplejavacalculator.Calculator$MonoOperatorModes,java.lang.Double)>	<simplejavacalculator.UI: void actionPerformed(java.awt.event.ActionEvent)>/$stack74	<simplejavacalculator.UI: void actionPerformed(java.awt.event.ActionEvent)>
<simplejavacalculator.UI: void actionPerformed(java.awt.event.ActionEvent)>/simplejavacalculator.UI.writer/6	65	<simplejavacalculator.UI: void writer(java.lang.Double)>	<simplejavacalculator.UI: void actionPerformed(java.awt.event.ActionEvent)>/this#_0	<simplejavacalculator.UI: void actionPerformed(java.awt.event.ActionEvent)>
<simplejavacalculator.UI: void actionPerformed(java.awt.event.ActionEvent)>/simplejavacalculator.UI.reader/7	70	<simplejavacalculator.UI: java.lang.Double reader()>	<simplejavacalculator.UI: void actionPerformed(java.awt.event.ActionEvent)>/this#_0	<simplejavacalculator.UI: void actionPerformed(java.awt.event.ActionEvent)>
<simplejavacalculator.UI: void actionPerformed(java.awt.event.ActionEvent)>/simplejavacalculator.Calculator.calculateMono/2	71	<simplejavacalculator.Calculator: java.lang.Double calculateMono(simplejavacalculator.Calculator$MonoOperatorModes,java.lang.Double)>	<simplejavacalculator.UI: void actionPerformed(java.awt.event.ActionEvent)>/$stack68	<simplejavacalculator.UI: void actionPerformed(java.awt.event.ActionEvent)>
<simplejavacalculator.UI: void actionPerformed(java.awt.event.ActionEvent)>/simplejavacalculator.UI.writer/7	72	<simplejavacalculator.UI: void writer(java.lang.Double)>	<simplejavacalculator.UI: void actionPerformed(java.awt.event.ActionEvent)>/this#_0	<simplejavacalculator.UI: void actionPerformed(java.awt.event.ActionEvent)>
<simplejavacalculator.UI: void actionPerformed(java.awt.event.ActionEvent)>/simplejavacalculator.UI.reader/8	77	<simplejavacalculator.UI: java.lang.Double reader()>	<simplejavacalculator.UI: void actionPerformed(java.awt.event.ActionEvent)>/this#_0	<simplejavacalculator.UI: void actionPerformed(java.awt.event.ActionEvent)>
<simplejavacalculator.UI: void actionPerformed(java.awt.event.ActionEvent)>/simplejavacalculator.Calculator.calculateMono/3	78	<simplejavacalculator.Calculator: java.lang.Double calculateMono(simplejavacalculator.Calculator$MonoOperatorModes,java.lang.Double)>	<simplejavacalculator.UI: void actionPerformed(java.awt.event.ActionEvent)>/$stack62	<simplejavacalculator.UI: void actionPerformed(java.awt.event.ActionEvent)>
<simplejavacalculator.UI: void actionPerformed(java.awt.event.ActionEvent)>/simplejavacalculator.UI.writer/8	79	<simplejavacalculator.UI: void writer(java.lang.Double)>	<simplejavacalculator.UI: void actionPerformed(java.awt.event.ActionEvent)>/this#_0	<simplejavacalculator.UI: void actionPerformed(java.awt.event.ActionEvent)>
<simplejavacalculator.UI: void actionPerformed(java.awt.event.ActionEvent)>/simplejavacalculator.UI.reader/9	84	<simplejavacalculator.UI: java.lang.Double reader()>	<simplejavacalculator.UI: void actionPerformed(java.awt.event.ActionEvent)>/this#_0	<simplejavacalculator.UI: void actionPerformed(java.awt.event.ActionEvent)>
<simplejavacalculator.UI: void actionPerformed(java.awt.event.ActionEvent)>/simplejavacalculator.Calculator.calculateMono/4	85	<simplejavacalculator.Calculator: java.lang.Double calculateMono(simplejavacalculator.Calculator$MonoOperatorModes,java.lang.Double)>	<simplejavacalculator.UI: void actionPerformed(java.awt.event.ActionEvent)>/$stack56	<simplejavacalculator.UI: void actionPerformed(java.awt.event.ActionEvent)>
<simplejavacalculator.UI: void actionPerformed(java.awt.event.ActionEvent)>/simplejavacalculator.UI.writer/9	86	<simplejavacalculator.UI: void writer(java.lang.Double)>	<simplejavacalculator.UI: void actionPerformed(java.awt.event.ActionEvent)>/this#_0	<simplejavacalculator.UI: void actionPerformed(java.awt.event.ActionEvent)>
<simplejavacalculator.UI: void actionPerformed(java.awt.event.ActionEvent)>/simplejavacalculator.UI.reader/10	91	<simplejavacalculator.UI: java.lang.Double reader()>	<simplejavacalculator.UI: void actionPerformed(java.awt.event.ActionEvent)>/this#_0	<simplejavacalculator.UI: void actionPerformed(java.awt.event.ActionEvent)>
<simplejavacalculator.UI: void actionPerformed(java.awt.event.ActionEvent)>/simplejavacalculator.Calculator.calculateMono/5	92	<simplejavacalculator.Calculator: java.lang.Double calculateMono(simplejavacalculator.Calculator$MonoOperatorModes,java.lang.Double)>	<simplejavacalculator.UI: void actionPerformed(java.awt.event.ActionEvent)>/$stack50	<simplejavacalculator.UI: void actionPerformed(java.awt.event.ActionEvent)>
<simplejavacalculator.UI: void actionPerformed(java.awt.event.ActionEvent)>/simplejavacalculator.UI.writer/10	93	<simplejavacalculator.UI: void writer(java.lang.Double)>	<simplejavacalculator.UI: void actionPerformed(java.awt.event.ActionEvent)>/this#_0	<simplejavacalculator.UI: void actionPerformed(java.awt.event.ActionEvent)>
<simplejavacalculator.UI: void actionPerformed(java.awt.event.ActionEvent)>/simplejavacalculator.UI.reader/11	98	<simplejavacalculator.UI: java.lang.Double reader()>	<simplejavacalculator.UI: void actionPerformed(java.awt.event.ActionEvent)>/this#_0	<simplejavacalculator.UI: void actionPerformed(java.awt.event.ActionEvent)>
<simplejavacalculator.UI: void actionPerformed(java.awt.event.ActionEvent)>/simplejavacalculator.Calculator.calculateMono/6	99	<simplejavacalculator.Calculator: java.lang.Double calculateMono(simplejavacalculator.Calculator$MonoOperatorModes,java.lang.Double)>	<simplejavacalculator.UI: void actionPerformed(java.awt.event.ActionEvent)>/$stack44	<simplejavacalculator.UI: void actionPerformed(java.awt.event.ActionEvent)>
<simplejavacalculator.UI: void actionPerformed(java.awt.event.ActionEvent)>/simplejavacalculator.UI.writer/11	100	<simplejavacalculator.UI: void writer(java.lang.Double)>	<simplejavacalculator.UI: void actionPerformed(java.awt.event.ActionEvent)>/this#_0	<simplejavacalculator.UI: void actionPerformed(java.awt.event.ActionEvent)>
<simplejavacalculator.UI: void actionPerformed(java.awt.event.ActionEvent)>/simplejavacalculator.UI.reader/12	105	<simplejavacalculator.UI: java.lang.Double reader()>	<simplejavacalculator.UI: void actionPerformed(java.awt.event.ActionEvent)>/this#_0	<simplejavacalculator.UI: void actionPerformed(java.awt.event.ActionEvent)>
<simplejavacalculator.UI: void actionPerformed(java.awt.event.ActionEvent)>/simplejavacalculator.Calculator.calculateMono/7	106	<simplejavacalculator.Calculator: java.lang.Double calculateMono(simplejavacalculator.Calculator$MonoOperatorModes,java.lang.Double)>	<simplejavacalculator.UI: void actionPerformed(java.awt.event.ActionEvent)>/$stack38	<simplejavacalculator.UI: void actionPerformed(java.awt.event.ActionEvent)>
<simplejavacalculator.UI: void actionPerformed(java.awt.event.ActionEvent)>/simplejavacalculator.UI.writer/12	107	<simplejavacalculator.UI: void writer(java.lang.Double)>	<simplejavacalculator.UI: void actionPerformed(java.awt.event.ActionEvent)>/this#_0	<simplejavacalculator.UI: void actionPerformed(java.awt.event.ActionEvent)>
<simplejavacalculator.UI: void actionPerformed(java.awt.event.ActionEvent)>/simplejavacalculator.UI.reader/13	112	<simplejavacalculator.UI: java.lang.Double reader()>	<simplejavacalculator.UI: void actionPerformed(java.awt.event.ActionEvent)>/this#_0	<simplejavacalculator.UI: void actionPerformed(java.awt.event.ActionEvent)>
<simplejavacalculator.UI: void actionPerformed(java.awt.event.ActionEvent)>/simplejavacalculator.Calculator.calculateMono/8	113	<simplejavacalculator.Calculator: java.lang.Double calculateMono(simplejavacalculator.Calculator$MonoOperatorModes,java.lang.Double)>	<simplejavacalculator.UI: void actionPerformed(java.awt.event.ActionEvent)>/$stack32	<simplejavacalculator.UI: void actionPerformed(java.awt.event.ActionEvent)>
<simplejavacalculator.UI: void actionPerformed(java.awt.event.ActionEvent)>/simplejavacalculator.UI.writer/13	114	<simplejavacalculator.UI: void writer(java.lang.Double)>	<simplejavacalculator.UI: void actionPerformed(java.awt.event.ActionEvent)>/this#_0	<simplejavacalculator.UI: void actionPerformed(java.awt.event.ActionEvent)>
<simplejavacalculator.UI: void actionPerformed(java.awt.event.ActionEvent)>/simplejavacalculator.UI.reader/14	118	<simplejavacalculator.UI: java.lang.Double reader()>	<simplejavacalculator.UI: void actionPerformed(java.awt.event.ActionEvent)>/this#_0	<simplejavacalculator.UI: void actionPerformed(java.awt.event.ActionEvent)>
<simplejavacalculator.UI: void actionPerformed(java.awt.event.ActionEvent)>/simplejavacalculator.Calculator.calculateEqual/0	119	<simplejavacalculator.Calculator: java.lang.Double calculateEqual(java.lang.Double)>	<simplejavacalculator.UI: void actionPerformed(java.awt.event.ActionEvent)>/$stack27	<simplejavacalculator.UI: void actionPerformed(java.awt.event.ActionEvent)>
<simplejavacalculator.UI: void actionPerformed(java.awt.event.ActionEvent)>/simplejavacalculator.UI.writer/14	120	<simplejavacalculator.UI: void writer(java.lang.Double)>	<simplejavacalculator.UI: void actionPerformed(java.awt.event.ActionEvent)>/this#_0	<simplejavacalculator.UI: void actionPerformed(java.awt.event.ActionEvent)>
<simplejavacalculator.UI: void actionPerformed(java.awt.event.ActionEvent)>/simplejavacalculator.Calculator.reset/0	124	<simplejavacalculator.Calculator: java.lang.Double reset()>	<simplejavacalculator.UI: void actionPerformed(java.awt.event.ActionEvent)>/$stack23	<simplejavacalculator.UI: void actionPerformed(java.awt.event.ActionEvent)>
<simplejavacalculator.UI: void actionPerformed(java.awt.event.ActionEvent)>/simplejavacalculator.UI.writer/15	125	<simplejavacalculator.UI: void writer(java.lang.Double)>	<simplejavacalculator.UI: void actionPerformed(java.awt.event.ActionEvent)>/this#_0	<simplejavacalculator.UI: void actionPerformed(java.awt.event.ActionEvent)>
<simplejavacalculator.UI: void actionPerformed(java.awt.event.ActionEvent)>/javax.swing.JTextArea.selectAll/0	130	<javax.swing.text.JTextComponent: void selectAll()>	<simplejavacalculator.UI: void actionPerformed(java.awt.event.ActionEvent)>/$stack21	<simplejavacalculator.UI: void actionPerformed(java.awt.event.ActionEvent)>
<simplejavacalculator.UI: void parsetoBinary()>/java.lang.StringBuilder.append/0	4	<java.lang.StringBuilder: java.lang.StringBuilder append(java.lang.String)>	<simplejavacalculator.UI: void parsetoBinary()>/$stack2	<simplejavacalculator.UI: void parsetoBinary()>
<simplejavacalculator.UI: void parsetoBinary()>/javax.swing.JTextArea.getText/0	7	<javax.swing.text.JTextComponent: java.lang.String getText()>	<simplejavacalculator.UI: void parsetoBinary()>/$stack4	<simplejavacalculator.UI: void parsetoBinary()>
<simplejavacalculator.UI: void parsetoBinary()>/java.lang.StringBuilder.append/1	10	<java.lang.StringBuilder: java.lang.StringBuilder append(java.lang.String)>	<simplejavacalculator.UI: void parsetoBinary()>/$stack8	<simplejavacalculator.UI: void parsetoBinary()>
<simplejavacalculator.UI: void parsetoBinary()>/java.lang.StringBuilder.toString/0	11	<java.lang.StringBuilder: java.lang.String toString()>	<simplejavacalculator.UI: void parsetoBinary()>/$stack9	<simplejavacalculator.UI: void parsetoBinary()>
<simplejavacalculator.UI: void parsetoBinary()>/javax.swing.JTextArea.setText/0	12	<javax.swing.text.JTextComponent: void setText(java.lang.String)>	<simplejavacalculator.UI: void parsetoBinary()>/$stack3	<simplejavacalculator.UI: void parsetoBinary()>
<simplejavacalculator.UI: void parsetoBinary()>/java.lang.StringBuilder.append/2	19	<java.lang.StringBuilder: java.lang.StringBuilder append(java.lang.String)>	<simplejavacalculator.UI: void parsetoBinary()>/$stack12	<simplejavacalculator.UI: void parsetoBinary()>
<simplejavacalculator.UI: void parsetoBinary()>/java.lang.NumberFormatException.toString/0	21	<java.lang.Throwable: java.lang.String toString()>	<simplejavacalculator.UI: void parsetoBinary()>/$stack11	<simplejavacalculator.UI: void parsetoBinary()>
<simplejavacalculator.UI: void parsetoBinary()>/java.lang.StringBuilder.append/3	22	<java.lang.StringBuilder: java.lang.StringBuilder append(java.lang.String)>	<simplejavacalculator.UI: void parsetoBinary()>/$stack15	<simplejavacalculator.UI: void parsetoBinary()>
<simplejavacalculator.UI: void parsetoBinary()>/java.lang.StringBuilder.toString/1	23	<java.lang.StringBuilder: java.lang.String toString()>	<simplejavacalculator.UI: void parsetoBinary()>/$stack16	<simplejavacalculator.UI: void parsetoBinary()>
<simplejavacalculator.UI: void parsetoBinary()>/java.io.PrintStream.println/0	24	<java.io.PrintStream: void println(java.lang.String)>	<simplejavacalculator.UI: void parsetoBinary()>/$stack13	<simplejavacalculator.UI: void parsetoBinary()>
<simplejavacalculator.UI: java.lang.Double reader()>/javax.swing.JTextArea.getText/0	2	<javax.swing.text.JTextComponent: java.lang.String getText()>	<simplejavacalculator.UI: java.lang.Double reader()>/$stack3	<simplejavacalculator.UI: java.lang.Double reader()>
<simplejavacalculator.UI: void writer(java.lang.Double)>/java.lang.Double.doubleValue/0	2	<java.lang.Double: double doubleValue()>	<simplejavacalculator.UI: void writer(java.lang.Double)>/num#_0	<simplejavacalculator.UI: void writer(java.lang.Double)>
<simplejavacalculator.UI: void writer(java.lang.Double)>/javax.swing.JTextArea.setText/0	6	<javax.swing.text.JTextComponent: void setText(java.lang.String)>	<simplejavacalculator.UI: void writer(java.lang.Double)>/$stack7	<simplejavacalculator.UI: void writer(java.lang.Double)>
<simplejavacalculator.UI: void writer(java.lang.Double)>/java.lang.Double.doubleValue/1	10	<java.lang.Double: double doubleValue()>	<simplejavacalculator.UI: void writer(java.lang.Double)>/num#_0	<simplejavacalculator.UI: void writer(java.lang.Double)>
<simplejavacalculator.UI: void writer(java.lang.Double)>/javax.swing.JTextArea.setText/1	12	<javax.swing.text.JTextComponent: void setText(java.lang.String)>	<simplejavacalculator.UI: void writer(java.lang.Double)>/$stack4	<simplejavacalculator.UI: void writer(java.lang.Double)>
<simplejavacalculator.Calculator: java.lang.Double calculateBiImpl()>/java.lang.Double.doubleValue/0	10	<java.lang.Double: double doubleValue()>	<simplejavacalculator.Calculator: java.lang.Double calculateBiImpl()>/$stack38	<simplejavacalculator.Calculator: java.lang.Double calculateBiImpl()>
<simplejavacalculator.Calculator: java.lang.Double calculateBiImpl()>/java.lang.Double.doubleValue/1	14	<java.lang.Double: double doubleValue()>	<simplejavacalculator.Calculator: java.lang.Double calculateBiImpl()>/$stack42	<simplejavacalculator.Calculator: java.lang.Double calculateBiImpl()>
<simplejavacalculator.Calculator: java.lang.Double calculateBiImpl()>/java.lang.Double.doubleValue/2	16	<java.lang.Double: double doubleValue()>	<simplejavacalculator.Calculator: java.lang.Double calculateBiImpl()>/$stack43	<simplejavacalculator.Calculator: java.lang.Double calculateBiImpl()>
<simplejavacalculator.Calculator: java.lang.Double calculateBiImpl()>/java.lang.Double.doubleValue/3	26	<java.lang.Double: double doubleValue()>	<simplejavacalculator.Calculator: java.lang.Double calculateBiImpl()>/$stack32	<simplejavacalculator.Calculator: java.lang.Double calculateBiImpl()>
<simplejavacalculator.Calculator: java.lang.Double calculateBiImpl()>/java.lang.Double.doubleValue/4	28	<java.lang.Double: double doubleValue()>	<simplejavacalculator.Calculator: java.lang.Double calculateBiImpl()>/$stack33	<simplejavacalculator.Calculator: java.lang.Double calculateBiImpl()>
<simplejavacalculator.Calculator: java.lang.Double calculateBiImpl()>/java.lang.Double.doubleValue/5	36	<java.lang.Double: double doubleValue()>	<simplejavacalculator.Calculator: java.lang.Double calculateBiImpl()>/$stack26	<simplejavacalculator.Calculator: java.lang.Double calculateBiImpl()>
<simplejavacalculator.Calculator: java.lang.Double calculateBiImpl()>/java.lang.Double.doubleValue/6	38	<java.lang.Double: double doubleValue()>	<simplejavacalculator.Calculator: java.lang.Double calculateBiImpl()>/$stack27	<simplejavacalculator.Calculator: java.lang.Double calculateBiImpl()>
<simplejavacalculator.Calculator: java.lang.Double calculateBiImpl()>/java.lang.Double.doubleValue/7	46	<java.lang.Double: double doubleValue()>	<simplejavacalculator.Calculator: java.lang.Double calculateBiImpl()>/$stack20	<simplejavacalculator.Calculator: java.lang.Double calculateBiImpl()>
<simplejavacalculator.Calculator: java.lang.Double calculateBiImpl()>/java.lang.Double.doubleValue/8	48	<java.lang.Double: double doubleValue()>	<simplejavacalculator.Calculator: java.lang.Double calculateBiImpl()>/$stack21	<simplejavacalculator.Calculator: java.lang.Double calculateBiImpl()>
<simplejavacalculator.Calculator: java.lang.Double calculateBiImpl()>/java.lang.Double.doubleValue/9	56	<java.lang.Double: double doubleValue()>	<simplejavacalculator.Calculator: java.lang.Double calculateBiImpl()>/$stack14	<simplejavacalculator.Calculator: java.lang.Double calculateBiImpl()>
<simplejavacalculator.Calculator: java.lang.Double calculateBiImpl()>/java.lang.Double.doubleValue/10	58	<java.lang.Double: double doubleValue()>	<simplejavacalculator.Calculator: java.lang.Double calculateBiImpl()>/$stack15	<simplejavacalculator.Calculator: java.lang.Double calculateBiImpl()>
<simplejavacalculator.Calculator: java.lang.Double calculateEqual(java.lang.Double)>/simplejavacalculator.Calculator.calculateBi/0	3	<simplejavacalculator.Calculator: java.lang.Double calculateBi(simplejavacalculator.Calculator$BiOperatorModes,java.lang.Double)>	<simplejavacalculator.Calculator: java.lang.Double calculateEqual(java.lang.Double)>/this#_0	<simplejavacalculator.Calculator: java.lang.Double calculateEqual(java.lang.Double)>
<simplejavacalculator.Calculator: java.lang.Double calculateMono(simplejavacalculator.Calculator$MonoOperatorModes,java.lang.Double)>/java.lang.Double.doubleValue/0	5	<java.lang.Double: double doubleValue()>	<simplejavacalculator.Calculator: java.lang.Double calculateMono(simplejavacalculator.Calculator$MonoOperatorModes,java.lang.Double)>/num#_0	<simplejavacalculator.Calculator: java.lang.Double calculateMono(simplejavacalculator.Calculator$MonoOperatorModes,java.lang.Double)>
<simplejavacalculator.Calculator: java.lang.Double calculateMono(simplejavacalculator.Calculator$MonoOperatorModes,java.lang.Double)>/java.lang.Double.doubleValue/1	6	<java.lang.Double: double doubleValue()>	<simplejavacalculator.Calculator: java.lang.Double calculateMono(simplejavacalculator.Calculator$MonoOperatorModes,java.lang.Double)>/num#_0	<simplejavacalculator.Calculator: java.lang.Double calculateMono(simplejavacalculator.Calculator$MonoOperatorModes,java.lang.Double)>
<simplejavacalculator.Calculator: java.lang.Double calculateMono(simplejavacalculator.Calculator$MonoOperatorModes,java.lang.Double)>/java.lang.Double.doubleValue/2	12	<java.lang.Double: double doubleValue()>	<simplejavacalculator.Calculator: java.lang.Double calculateMono(simplejavacalculator.Calculator$MonoOperatorModes,java.lang.Double)>/num#_0	<simplejavacalculator.Calculator: java.lang.Double calculateMono(simplejavacalculator.Calculator$MonoOperatorModes,java.lang.Double)>
<simplejavacalculator.Calculator: java.lang.Double calculateMono(simplejavacalculator.Calculator$MonoOperatorModes,java.lang.Double)>/java.lang.Double.doubleValue/3	18	<java.lang.Double: double doubleValue()>	<simplejavacalculator.Calculator: java.lang.Double calculateMono(simplejavacalculator.Calculator$MonoOperatorModes,java.lang.Double)>/num#_0	<simplejavacalculator.Calculator: java.lang.Double calculateMono(simplejavacalculator.Calculator$MonoOperatorModes,java.lang.Double)>
<simplejavacalculator.Calculator: java.lang.Double calculateMono(simplejavacalculator.Calculator$MonoOperatorModes,java.lang.Double)>/java.lang.Double.doubleValue/4	24	<java.lang.Double: double doubleValue()>	<simplejavacalculator.Calculator: java.lang.Double calculateMono(simplejavacalculator.Calculator$MonoOperatorModes,java.lang.Double)>/num#_0	<simplejavacalculator.Calculator: java.lang.Double calculateMono(simplejavacalculator.Calculator$MonoOperatorModes,java.lang.Double)>
<simplejavacalculator.Calculator: java.lang.Double calculateMono(simplejavacalculator.Calculator$MonoOperatorModes,java.lang.Double)>/java.lang.Double.doubleValue/5	30	<java.lang.Double: double doubleValue()>	<simplejavacalculator.Calculator: java.lang.Double calculateMono(simplejavacalculator.Calculator$MonoOperatorModes,java.lang.Double)>/num#_0	<simplejavacalculator.Calculator: java.lang.Double calculateMono(simplejavacalculator.Calculator$MonoOperatorModes,java.lang.Double)>
<simplejavacalculator.Calculator: java.lang.Double calculateMono(simplejavacalculator.Calculator$MonoOperatorModes,java.lang.Double)>/java.lang.Double.doubleValue/6	36	<java.lang.Double: double doubleValue()>	<simplejavacalculator.Calculator: java.lang.Double calculateMono(simplejavacalculator.Calculator$MonoOperatorModes,java.lang.Double)>/num#_0	<simplejavacalculator.Calculator: java.lang.Double calculateMono(simplejavacalculator.Calculator$MonoOperatorModes,java.lang.Double)>
<simplejavacalculator.Calculator: java.lang.Double calculateMono(simplejavacalculator.Calculator$MonoOperatorModes,java.lang.Double)>/java.lang.Double.doubleValue/7	39	<java.lang.Double: double doubleValue()>	<simplejavacalculator.Calculator: java.lang.Double calculateMono(simplejavacalculator.Calculator$MonoOperatorModes,java.lang.Double)>/num#_0	<simplejavacalculator.Calculator: java.lang.Double calculateMono(simplejavacalculator.Calculator$MonoOperatorModes,java.lang.Double)>
<simplejavacalculator.Calculator: java.lang.Double calculateMono(simplejavacalculator.Calculator$MonoOperatorModes,java.lang.Double)>/java.lang.Double.doubleValue/8	46	<java.lang.Double: double doubleValue()>	<simplejavacalculator.Calculator: java.lang.Double calculateMono(simplejavacalculator.Calculator$MonoOperatorModes,java.lang.Double)>/num#_0	<simplejavacalculator.Calculator: java.lang.Double calculateMono(simplejavacalculator.Calculator$MonoOperatorModes,java.lang.Double)>
<simplejavacalculator.Calculator: java.lang.Double calculateMono(simplejavacalculator.Calculator$MonoOperatorModes,java.lang.Double)>/java.lang.Double.doubleValue/9	50	<java.lang.Double: double doubleValue()>	<simplejavacalculator.Calculator: java.lang.Double calculateMono(simplejavacalculator.Calculator$MonoOperatorModes,java.lang.Double)>/num#_0	<simplejavacalculator.Calculator: java.lang.Double calculateMono(simplejavacalculator.Calculator$MonoOperatorModes,java.lang.Double)>
<simplejavacalculator.Calculator: java.lang.Double calculateMono(simplejavacalculator.Calculator$MonoOperatorModes,java.lang.Double)>/java.lang.Double.doubleValue/10	57	<java.lang.Double: double doubleValue()>	<simplejavacalculator.Calculator: java.lang.Double calculateMono(simplejavacalculator.Calculator$MonoOperatorModes,java.lang.Double)>/num#_0	<simplejavacalculator.Calculator: java.lang.Double calculateMono(simplejavacalculator.Calculator$MonoOperatorModes,java.lang.Double)>
<simplejavacalculator.Calculator: java.lang.Double calculateMono(simplejavacalculator.Calculator$MonoOperatorModes,java.lang.Double)>/java.lang.Double.doubleValue/11	63	<java.lang.Double: double doubleValue()>	<simplejavacalculator.Calculator: java.lang.Double calculateMono(simplejavacalculator.Calculator$MonoOperatorModes,java.lang.Double)>/num#_0	<simplejavacalculator.Calculator: java.lang.Double calculateMono(simplejavacalculator.Calculator$MonoOperatorModes,java.lang.Double)>
<simplejavacalculator.Calculator: java.lang.Double calculateMono(simplejavacalculator.Calculator$MonoOperatorModes,java.lang.Double)>/java.lang.Double.doubleValue/12	69	<java.lang.Double: double doubleValue()>	<simplejavacalculator.Calculator: java.lang.Double calculateMono(simplejavacalculator.Calculator$MonoOperatorModes,java.lang.Double)>/num#_0	<simplejavacalculator.Calculator: java.lang.Double calculateMono(simplejavacalculator.Calculator$MonoOperatorModes,java.lang.Double)>
<simplejavacalculator.Calculator: java.lang.Double calculateMono(simplejavacalculator.Calculator$MonoOperatorModes,java.lang.Double)>/java.lang.Double.doubleValue/13	75	<java.lang.Double: double doubleValue()>	<simplejavacalculator.Calculator: java.lang.Double calculateMono(simplejavacalculator.Calculator$MonoOperatorModes,java.lang.Double)>/num#_0	<simplejavacalculator.Calculator: java.lang.Double calculateMono(simplejavacalculator.Calculator$MonoOperatorModes,java.lang.Double)>
